CourseID,Rule,Num_Violations
6hrs per day,UTACMME_YR2_2024/5,1.0
6hrs per day,UTMAHCLAAH1F_YR2_2024/5,1.0
6hrs per day,UTSETAR_YR2_2024/5,1.0
6hrs per day,UTBAHINART1F_YR3_2024/5,1.0
6hrs per day,UTBAHPAINT1F_YR3_2024/5,1.0
6hrs per day,UTBAHPHOTO1F_YR3_2024/5,1.0
6hrs per day,UTBAHSCULP1F_YR3_2024/5,1.0
6hrs per day,UTBMEBIOCH1F_YR3_2024/5,1.0
6hrs per day,UTBSBCH_YR4_2024/5,1.0
6hrs per day,UTBSVBIOCH1F_YR3_2024/5,1.0
6hrs per day,UTMAHIBUCH1F_YR2_2024/5,1.0
6hrs per day,UTMAHIBUJA1F_YR2_2024/5,1.0
6hrs per day,UTMLGRU_YR2_2024/5,1.0
6hrs per day,UTMLRSS_YR2_2024/5,1.0
6hrs per day,UTRUSST_YR2_2024/5,1.0
6hrs per day,UTMLRSP_YR2_2024/5,1.0
6hrs per day,UTGGPEC_YR2_2024/5,1.0
6hrs per day,UTGGPHYMAH_YR2_2024/5,1.0
6hrs per day,UTGGPHY_YR2_2024/5,1.0
6hrs per day,UTARAFR_YR2_2024/5,1.0
6hrs per day,UTARASP_YR2_2024/5,1.0
6hrs per day,UTAICSC_YR1_2024/5,1.0
6hrs per day,UTAINTL_YR1_2024/5,1.0
6hrs per day,UTCMPMA_YR1_2024/5,1.0
6hrs per day,UTCMPSIBE_YR1_2024/5,1.0
6hrs per day,UTCMPSI_YR1_2024/5,1.0
6hrs per day,UTINFMT_YR1_2024/5,1.0
6hrs per day,UTSWENG_YR1_2024/5,1.0
6hrs per day,UTGERENG_YR1_2024/5,1.0
6hrs per day,UTGERLI_YR1_2024/5,1.0
6hrs per day,UTITAENG_YR1_2024/5,1.0
6hrs per day,UTITALI_YR1_2024/5,1.0
6hrs per day,UTRUSENG_YR1_2024/5,1.0
6hrs per day,UTRUSLI_YR1_2024/5,1.0
6hrs per day,UTSPALI_YR1_2024/5,1.0
6hrs per day,PTMSCMARSP1F_YR1_2024/5,1.0
6hrs per day,PRMSCECNSH1F_YR1_2024/5,1.0
6hrs per day,PRMSCECNSH1P_YR1_2024/5,1.0
6hrs per day,PRMSCECNSH1P_YR2_2024/5,1.0
6hrs per day,UTPHIEL_YR3_2024/5,1.0
6hrs per day,UTPHIGR_YR3_2024/5,1.0
6hrs per day,UTPHILI_YR3_2024/5,1.0
6hrs per day,UTPHILY_YR3_2024/5,1.0
6hrs per day,UTBMEBIOLS1F_YR3_2024/5,1.0
6hrs per day,UTSOPPS_YR4_2024/5,1.0
6hrs per day,UTSANDE_YR2_2024/5,1.0
6hrs per day,UTFITEEBAH_YR2_2024/5,1.0
6hrs per day,UTFITEEBAH_YR3_2024/5,1.0
6hrs per day,UTITAEL_YR1_2024/5,1.0
6hrs per day,UTGGPAR_YR4_2024/5,1.0
6hrs per day,UTGGPHY_YR4_2024/5,1.0
6hrs per day,UTGGPPO_YR4_2024/5,1.0
6hrs per day,UTFREHA_YR1_2024/5,1.0
6hrs per day,UTGERHA_YR1_2024/5,1.0
6hrs per day,UTHOACH_YR2_2024/5,1.0
6hrs per day,UTHOAHM_YR2_2024/5,1.0
6hrs per day,UTBSCDATSC1F_YR4_2024/5,1.0
6hrs per day,PTMSCAFRID1F_YR1_2024/5,1.0
6hrs per day,PTMSCCSEAD1P_YR1_2024/5,1.0
6hrs per day,UTMAPYB_YR1_2024/5,1.0
6hrs per day,UTMAPYM_YR1_2024/5,1.0
6hrs per day,UTARCSA_YR1_2024/5,1.0
6hrs per day,UTSANSP_YR1_2024/5,1.0
6hrs per day,UTENLGE_YR1_2024/5,1.0
6hrs per day,UTRUSEL_YR1_2024/5,1.0
6hrs per day,UTSPAEL_YR1_2024/5,1.0
6hrs per day,UTAINTL_YR2_2024/5,1.0
6hrs per day,UTARCSA_YR2_2024/5,1.0
6hrs per day,PRPHDROBAS3F_YR1_2024/5,1.0
6hrs per day,PRPHDROBAS4F_YR1_2024/5,1.0
6hrs per day,UTMAHGOVPS1F_YR1_2024/5,1.0
6hrs per day,UTMAHGPSQM1F_YR1_2024/5,1.0
6hrs per day,UTMAHSOPQM1F_YR1_2024/5,1.0
6hrs per day,UTSOPEC_YR1_2024/5,1.0
6hrs per day,UTSOPPS_YR1_2024/5,1.0
6hrs per day,PTMSCLANWE1F_YR1_2024/5,1.0
6hrs per day,UTRUSEL_YR4_2024/5,1.0
6hrs per day,PTMSCPERPS1F_YR1_2024/5,1.0
6hrs per day,PTMSCPERPS1P_YR1_2024/5,1.0
6hrs per day,UTFRESY_YR1_2024/5,1.0
6hrs per day,UTSCYGY_YR4_2024/5,1.0
6hrs per day,UTMAHIBUGE1F_YR2_2024/5,2.0
6hrs per day,UTMAHIBUIT1F_YR2_2024/5,2.0
6hrs per day,UTMAHACCBU1F_YR1_2024/5,2.0
6hrs per day,UTCELEL_YR1_2024/5,2.0
6hrs per day,UTMAHCELSL1F_YR1_2024/5,2.0
6hrs per day,UTANHLT_YR1_2024/5,2.0
6hrs per day,UTCLARL_YR1_2024/5,2.0
6hrs per day,UTCLSST_YR1_2024/5,2.0
6hrs per day,UTDIVCL_YR1_2024/5,2.0
6hrs per day,UTMLCSS_YR1_2024/5,2.0
6hrs per day,PTMSCMGMNT1F_YR1_2024/5,2.0
6hrs per day,UTENGLT_YR2_2024/5,2.0
6hrs per day,UTENGSL_YR2_2024/5,2.0
6hrs per day,PTMARTDESI1F_YR1_2024/5,2.0
6hrs per day,UTPYCHL_YR1_2024/5,2.0
6hrs per day,UTSETEL_YR1_2024/5,2.0
6hrs per day,PTMSCDIGSO2P_YR2_2024/5,2.0
6hrs per day,PTMSCSANPY1F_YR1_2024/5,2.0
6hrs per day,PTMSCSANPY1P_YR1_2024/5,2.0
6hrs per day,PTMSCSANPY1P_YR2_2024/5,2.0
6hrs per day,UTENGSL_YR1_2024/5,2.0
6hrs per day,UTSETET_YR1_2024/5,2.0
6hrs per day,UTMAHPORGE1F_YR2_2024/5,2.0
6hrs per day,UTMAHPORTU1F_YR2_2024/5,2.0
6hrs per day,UTSPAPG_YR2_2024/5,2.0
6hrs per day,PTMSCCOMAF1P_YR2_2024/5,2.0
6hrs per day,PTMSCDDITB1F_YR1_2024/5,2.0
6hrs per day,PTPGDDDITB1F_YR1_2024/5,2.0
6hrs per day,UTECNMA_YR1_2024/5,2.0
6hrs per day,UTECNST_YR1_2024/5,2.0
6hrs per day,UTBSCACMUT1F_YR2_2024/5,2.0
6hrs per day,UTARHIA_YR1_2024/5,2.0
6hrs per day,PTMSCHPCDS1F_YR1_2024/5,2.0
6hrs per day,PTMSCHPCMP1F_YR1_2024/5,2.0
6hrs per day,UTECNMS_YR2_2024/5,2.0
6hrs per day,UTLAWSA_YR3_2024/5,2.0
6hrs per day,UTBSCENVGS1F_YR4_2024/5,2.0
6hrs per day,UTENVGE_YR4_2024/5,2.0
6hrs per day,UTACCFIMAH_YR3_2024/5,3.0
6hrs per day,UTANMEH_YR2_2024/5,3.0
6hrs per day,UTMAHIBUSP1F_YR2_2024/5,3.0
6hrs per day,UTCELEN_YR1_2024/5,3.0
6hrs per day,UTCELLI_YR1_2024/5,3.0
6hrs per day,UTRELEL_YR2_2024/5,3.0
6hrs per day,UTLINSA_YR1_2024/5,3.0
6hrs per day,UTMBCHBHCP1F_YR4_2024/5,3.0
6hrs per day,UTMBCHBMDC1F_YR5_2024/5,3.0
6hrs per day,UTBMECELBI1F_YR3_2024/5,3.0
6hrs per day,UTBMEMOLBI1F_YR3_2024/5,3.0
6hrs per day,UTBSBCB_YR4_2024/5,3.0
6hrs per day,UTBSMOL_YR4_2024/5,3.0
6hrs per day,PTMSCECOEC2P_YR2_2024/5,3.0
6hrs per day,UTFREPO_YR1_2024/5,3.0
6hrs per day,UTSCYPO_YR1_2024/5,3.0
6hrs per day,UTSPAPO_YR1_2024/5,3.0
6hrs per day,UTSCSSY_YR2_2024/5,3.0
6hrs per day,UTNURSING01F_YR4_2024/5,3.0
6hrs per day,UTHOAAH_YR2_2024/5,3.0
6hrs per day,UTPGDEPRIE1F_YR1_2024/5,3.0
6hrs per day,UTHOASL_YR2_2024/5,3.0
6hrs per day,UTFRENC_YR2_2024/5,3.0
6hrs per day,UTMLFGR_YR2_2024/5,3.0
6hrs per day,UTMLFSS_YR2_2024/5,3.0
6hrs per day,PTMSCANBGE1P_YR1_2024/5,3.0
6hrs per day,PTMSCEVOGE1P_YR1_2024/5,3.0
6hrs per day,PTMSCHCTGE1P_YR1_2024/5,3.0
6hrs per day,PTMSCQUGGA2P_YR1_2024/5,3.0
6hrs per day,PTPGDANBGE1F_YR1_2024/5,3.0
6hrs per day,PTPGDEVOGE1F_YR1_2024/5,3.0
6hrs per day,PTPGDHCTGE1F_YR1_2024/5,3.0
6hrs per day,PTPGDQUGGA1F_YR1_2024/5,3.0
6hrs per day,PTMSCINTRE1P_YR2_2024/5,3.0
6hrs per day,UTCOPHB_YR3_2024/5,3.0
6hrs per day,UTCOPHM_YR3_2024/5,3.0
6hrs per day,UTACCFIMAH_YR2_2024/5,3.0
6hrs per day,UTMAHSOCQM1F_YR4_2024/5,3.0
6hrs per day,UTCLSST_YR2_2024/5,4.0
6hrs per day,UTDIVCL_YR2_2024/5,4.0
6hrs per day,UTJAPLI_YR2_2024/5,4.0
6hrs per day,UTBSCMATBU1F_YR1_2024/5,4.0
6hrs per day,PTMSCMEDCH1F_YR1_2024/5,4.0
6hrs per day,PRMSCCOUST1F_YR1_2024/5,4.0
6hrs per day,PRMSCCOUST1P_YR1_2024/5,4.0
6hrs per day,PRMSCHEHUA2P_YR1_2024/5,4.0
6hrs per day,UTMEPGEOGP1F_YR5_2024/5,4.0
6hrs per day,UTMESGPGPP1F_YR5_2024/5,4.0
6hrs per day,UTMLFIT_YR2_2024/5,4.0
6hrs per day,UTAPMAT_YR2_2024/5,4.0
6hrs per day,UTMATHB_YR2_2024/5,4.0
6hrs per day,UTMATST_YR2_2024/5,4.0
6hrs per day,UTMMAAPPMA1F_YR2_2024/5,4.0
6hrs per day,UTMMATHEMA1F_YR2_2024/5,4.0
6hrs per day,UTAPMAT_YR1_2024/5,4.0
6hrs per day,UTMATHB_YR1_2024/5,4.0
6hrs per day,UTMATHM_YR1_2024/5,4.0
6hrs per day,UTMATST_YR1_2024/5,4.0
6hrs per day,UTMMAAPPMA1F_YR1_2024/5,4.0
6hrs per day,UTMMATHEMA1F_YR1_2024/5,4.0
6hrs per day,UTPHITH_YR3_2024/5,4.0
6hrs per day,UTGERPO_YR1_2024/5,4.0
6hrs per day,UTGERSY_YR2_2024/5,4.0
6hrs per day,UTLAWEC_YR4_2024/5,4.0
6hrs per day,UTGERENG_YR2_2024/5,4.0
6hrs per day,UTGERLI_YR2_2024/5,4.0
6hrs per day,UTSCANENG_YR2_2024/5,4.0
6hrs per day,UTSCSLI_YR2_2024/5,4.0
6hrs per day,PTMSCCOMAF1F_YR1_2024/5,4.0
6hrs per day,PTMSCANBGE1F_YR1_2024/5,4.0
6hrs per day,PTMSCEVOGE1F_YR1_2024/5,4.0
6hrs per day,PTMSCHCTGE1F_YR1_2024/5,4.0
6hrs per day,PTMSCQUGGA1F_YR1_2024/5,4.0
6hrs per day,PTMSCGISCI1F_YR1_2024/5,4.0
6hrs per day,UTBSCACMUT1F_YR1_2024/5,4.0
6hrs per day,PTMSCBIOCH1F_YR1_2024/5,4.0
6hrs per day,PTPGDBIOCH2F_YR1_2024/5,4.0
6hrs per day,UTSOPSO_YR1_2024/5,4.0
6hrs per day,UTANHIS_YR2_2024/5,5.0
6hrs per day,UTGREEK_YR2_2024/5,5.0
6hrs per day,UTLATIN_YR2_2024/5,5.0
6hrs per day,UTCHNLN_YR1_2024/5,5.0
6hrs per day,UTJAPLI_YR1_2024/5,5.0
6hrs per day,UTACMME_YR1_2024/5,5.0
6hrs per day,UTMAHARANH1F_YR1_2024/5,5.0
6hrs per day,UTMLCFR_YR1_2024/5,5.0
6hrs per day,UTMLCSP_YR1_2024/5,5.0
6hrs per day,UTBSCGPHGE1F_YR4_2024/5,5.0
6hrs per day,UTGEOGEO_YR4_2024/5,5.0
6hrs per day,UTMEPGEOGE1F_YR4_2024/5,5.0
6hrs per day,UTMESGPHGE1F_YR4_2024/5,5.0
6hrs per day,UTITAENG_YR2_2024/5,5.0
6hrs per day,UTITALI_YR2_2024/5,5.0
6hrs per day,UTECNES_YR2_2024/5,5.0
6hrs per day,UTHOAEL_YR3_2024/5,5.0
6hrs per day,UTHOASL_YR3_2024/5,5.0
6hrs per day,UTARASA_YR2_2024/5,5.0
6hrs per day,UTPRSSA_YR2_2024/5,5.0
6hrs per day,PTMSCFINMO1P_YR2_2024/5,5.0
6hrs per day,UTBMEMOLGE1F_YR3_2024/5,5.0
6hrs per day,PRMSCINEUS1F_YR1_2024/5,5.0
6hrs per day,PRMSCSCTST1P_YR1_2024/5,5.0
6hrs per day,PRMSCSCTST1P_YR2_2024/5,5.0
6hrs per day,UTITAPO_YR1_2024/5,5.0
6hrs per day,UTRUSPO_YR1_2024/5,5.0
6hrs per day,PTMSCANCHE1F_YR1_2024/5,5.0
6hrs per day,PTMSCMACHE1F_YR1_2024/5,5.0
6hrs per day,UTRELEL_YR1_2024/5,5.0
6hrs per day,UTRELSLMAH_YR1_2024/5,5.0
6hrs per day,UTLAWEC_YR3_2024/5,5.0
6hrs per day,UTMAHPORFR1F_YR2_2024/5,5.0
6hrs per day,UTCELFRMAH_YR2_2024/5,5.0
6hrs per day,UTMLFSP_YR2_2024/5,5.0
6hrs per day,UTSPALI_YR2_2024/5,5.0
6hrs per day,UTBNGELCOS1F_YR2_2024/5,5.0
6hrs per day,UTELECS_YR2_2024/5,5.0
6hrs per day,UTENLHI_YR3_2024/5,5.0
6hrs per day,UTSLHISMAH_YR3_2024/5,5.0
6hrs per day,UTSLUHSMAH_YR3_2024/5,5.0
6hrs per day,UTLINSA_YR3_2024/5,5.0
6hrs per day,UTSENAB_YR1_2024/5,6.0
6hrs per day,UTSENAM_YR1_2024/5,6.0
6hrs per day,UTMLCGE_YR1_2024/5,6.0
6hrs per day,UTMLFRU_YR2_2024/5,6.0
6hrs per day,UTRUSENG_YR2_2024/5,6.0
6hrs per day,UTRUSLI_YR2_2024/5,6.0
6hrs per day,UTRUSSY_YR2_2024/5,6.0
6hrs per day,UTSEYSHMAH_YR1_2024/5,6.0
6hrs per day,UTCEASHMAH_YR2_2024/5,6.0
6hrs per day,UTPRSELMAH_YR1_2024/5,6.0
6hrs per day,PRMSCBIOAI1F_YR1_2024/5,6.0
6hrs per day,PRMSCBIOAI2F_YR1_2024/5,6.0
6hrs per day,PTMNNURPRA1F_YR1_2024/5,6.0
6hrs per day,PRMSCSCTST1F_YR1_2024/5,6.0
6hrs per day,UTBSCECOLE1F_YR1_2024/5,6.0
6hrs per day,UTMAHPOREN1F_YR2_2024/5,6.0
6hrs per day,UTMAHPORLI1F_YR2_2024/5,6.0
6hrs per day,UTPORSL_YR2_2024/5,6.0
6hrs per day,UTPYCHL_YR2_2024/5,6.0
6hrs per day,UTCMPMA_YR2_2024/5,6.0
6hrs per day,PTMSCGISCI1P_YR1_2024/5,6.0
6hrs per day,UTFREEL_YR4_2024/5,6.0
6hrs per day,PTMSCSSBIO1F_YR1_2024/5,6.0
6hrs per day,PTPGDSSBIO1F_YR1_2024/5,6.0
6hrs per day,UTPGDEBIOL1F_YR1_2024/5,7.0
6hrs per day,UTPGDECHEM1F_YR1_2024/5,7.0
6hrs per day,UTPGDEPHYS1F_YR1_2024/5,7.0
6hrs per day,UTMAHARANH1F_YR2_2024/5,7.0
6hrs per day,UTCEASHMAH_YR1_2024/5,7.0
6hrs per day,UTMLCIT_YR1_2024/5,7.0
6hrs per day,UTRUSCL_YR1_2024/5,7.0
6hrs per day,PTMSCDESIN1F_YR1_2024/5,7.0
6hrs per day,UTMATPH_YR3_2024/5,7.0
6hrs per day,PTMSCDIGSO2F_YR1_2024/5,7.0
6hrs per day,PTMSCDIGSO2P_YR1_2024/5,7.0
6hrs per day,PTMSCINTRE1F_YR1_2024/5,7.0
6hrs per day,PTMSCINTRE1P_YR1_2024/5,7.0
6hrs per day,PTMSCNATGP1F_YR1_2024/5,7.0
6hrs per day,PTMSCNATGP1P_YR2_2024/5,7.0
6hrs per day,PTMARTFIDI1F_YR1_2024/5,7.0
6hrs per day,UTLAWSA_YR4_2024/5,7.0
6hrs per day,UTPRSSA_YR3_2024/5,7.0
6hrs per day,UTPRSSA_YR4_2024/5,7.0
6hrs per day,PTMSCAPENH2F_YR1_2024/5,7.0
6hrs per day,UTMPHYPHYM1F_YR3_2024/5,7.0
6hrs per day,UTMPHYPHYY1F_YR3_2024/5,7.0
6hrs per day,UTPHYME_YR3_2024/5,7.0
6hrs per day,UTPHYSB_YR3_2024/5,7.0
6hrs per day,UTPHYSM_YR3_2024/5,7.0
6hrs per day,PTMSCAABAW1P_YR1_2024/5,7.0
6hrs per day,PTMSCAABAW2P_YR1_2024/5,7.0
6hrs per day,PTMARTILLU1F_YR1_2024/5,7.0
6hrs per day,UTPECOEBAH_YR3_2024/5,7.0
6hrs per day,PTMLALANDS1F_YR1_2024/5,8.0
6hrs per day,UTHOACH_YR1_2024/5,8.0
6hrs per day,UTMAHIBUFR1F_YR2_2024/5,8.0
6hrs per day,UTMAHARABU1F_YR4_2024/5,8.0
6hrs per day,UTCMPPH_YR1_2024/5,8.0
6hrs per day,UTCOPHB_YR1_2024/5,8.0
6hrs per day,UTCOPHM_YR1_2024/5,8.0
6hrs per day,PTPGDPROLP1P_YR1_2024/5,8.0
6hrs per day,UTBMEGENET1F_YR3_2024/5,8.0
6hrs per day,UTBSGEN_YR4_2024/5,8.0
6hrs per day,PTMSCGLEPS1F_YR1_2024/5,8.0
6hrs per day,PTMSCGLEPS1P_YR1_2024/5,8.0
6hrs per day,PTMSCGLEPS1P_YR2_2024/5,8.0
6hrs per day,UTSOPSO_YR2_2024/5,8.0
6hrs per day,PRPHDOHMDI1F_YR1_2024/5,8.0
6hrs per day,UTPHIEC_YR2_2024/5,8.0
6hrs per day,UTPHIGR_YR2_2024/5,8.0
6hrs per day,UTPHILY_YR2_2024/5,8.0
6hrs per day,UTASPHB_YR3_2024/5,8.0
6hrs per day,UTASPHM_YR3_2024/5,8.0
6hrs per day,PTMSCADTFC1F_YR1_2024/5,8.0
6hrs per day,PTMSCENVDE2P_YR2_2024/5,8.0
6hrs per day,UTPGDEDETE1F_YR1_2024/5,9.0
6hrs per day,UTCMPMS_YR1_2024/5,9.0
6hrs per day,UTPHIGR_YR1_2024/5,9.0
6hrs per day,UTHOAEL_YR2_2024/5,9.0
6hrs per day,UTSCSET_YR2_2024/5,9.0
6hrs per day,UTELECS_YR5_2024/5,9.0
6hrs per day,UTENGLT_YR1_2024/5,9.0
6hrs per day,PTMSCSTATO1P_YR2_2024/5,9.0
6hrs per day,PTMNNURPRA1F_YR2_2024/5,9.0
6hrs per day,PTMSCECOEC1P_YR2_2024/5,9.0
6hrs per day,UTASPHB_YR2_2024/5,9.0
6hrs per day,UTASPHM_YR2_2024/5,9.0
6hrs per day,UTCOPHB_YR2_2024/5,9.0
6hrs per day,UTCOPHM_YR2_2024/5,9.0
6hrs per day,UTMPHYPHYY1F_YR2_2024/5,9.0
6hrs per day,UTPHYSB_YR2_2024/5,9.0
6hrs per day,UTPHYSM_YR2_2024/5,9.0
6hrs per day,UTGGPHYMAH_YR4_2024/5,9.0
6hrs per day,UTGGPHY_YR3_2024/5,9.0
6hrs per day,UTMAHPOPPE1F_YR2_2024/5,9.0
6hrs per day,UTLAWSG_YR4_2024/5,9.0
6hrs per day,PTMSCENVPM2P_YR1_2024/5,9.0
6hrs per day,UTACCFIMAH_YR4_2024/5,10.0
6hrs per day,PTMSCAPYHC1F_YR1_2024/5,10.0
6hrs per day,UTENLGE_YR2_2024/5,10.0
6hrs per day,UTGGPHYMAH_YR1_2024/5,10.0
6hrs per day,UTGGPHY_YR1_2024/5,10.0
6hrs per day,PTMSCORRIS1P_YR2_2024/5,10.0
6hrs per day,PTMSCORCPO1P_YR2_2024/5,10.0
6hrs per day,PTMSCORSCH1P_YR2_2024/5,10.0
6hrs per day,PTMSCFINMO1F_YR1_2024/5,10.0
6hrs per day,PTMSCCARMA2F_YR1_2024/5,10.0
6hrs per day,PTMSCGLCJS1F_YR1_2024/5,10.0
6hrs per day,PTMSCGLCJS1P_YR1_2024/5,10.0
6hrs per day,PTMSCGLCJS1P_YR2_2024/5,10.0
6hrs per day,UTTHEPHBSCH_YR3_2024/5,10.0
6hrs per day,UTTHEPHMPHYS_YR3_2024/5,10.0
6hrs per day,UTSANPO_YR1_2024/5,10.0
6hrs per day,UTMAHBUSDA1F_YR3_2024/5,10.0
6hrs per day,PTMSCECNEC1P_YR1_2024/5,10.0
6hrs per day,UTHOAAH_YR1_2024/5,10.0
6hrs per day,PTMSCAPENH1F_YR1_2024/5,10.0
6hrs per day,PTMSCENVPM2P_YR2_2024/5,10.0
6hrs per day,UTBSCMATBI1F_YR4_2024/5,10.0
6hrs per day,UTARCHB_YR1_2024/5,11.0
6hrs per day,UTARCH_YR1_2024/5,11.0
6hrs per day,UTITAEL_YR2_2024/5,11.0
6hrs per day,UTMAHPOREL1F_YR2_2024/5,11.0
6hrs per day,UTSPAEL_YR2_2024/5,11.0
6hrs per day,UTSEYSHMAH_YR2_2024/5,11.0
6hrs per day,UTBSBMG_YR4_2024/5,11.0
6hrs per day,PRMSCMGMNT1F_YR1_2024/5,11.0
6hrs per day,UTPHIPS_YR1_2024/5,11.0
6hrs per day,UTCHPHB_YR2_2024/5,11.0
6hrs per day,UTCHPHYMCHEM_YR2_2024/5,11.0
6hrs per day,UTMAPYB_YR3_2024/5,11.0
6hrs per day,UTMAPYM_YR3_2024/5,11.0
6hrs per day,UTFRESY_YR2_2024/5,11.0
6hrs per day,PTDCPCLIPC1F_YR2_2024/5,11.0
6hrs per day,UTFNEAR_YR1_2024/5,11.0
6hrs per day,UTGERHA_YR2_2024/5,11.0
6hrs per day,UTFRELI_YR2_2024/5,11.0
6hrs per day,UTFRENG_YR2_2024/5,11.0
6hrs per day,PTMSCMEDAN1F_YR1_2024/5,11.0
6hrs per day,PTMSCMEDAN1P_YR1_2024/5,11.0
6hrs per day,PTMSCMEDAN1P_YR2_2024/5,11.0
6hrs per day,UTTHEPHBSCH_YR1_2024/5,11.0
6hrs per day,UTTHEPHMPHYS_YR1_2024/5,11.0
6hrs per day,UTSCYGY_YR3_2024/5,11.0
6hrs per day,PTMSCCSPTR1F_YR1_2024/5,11.0
6hrs per day,PTMSCSYBIO1F_YR1_2024/5,11.0
6hrs per day,PTPGDSYBIO2F_YR1_2024/5,11.0
6hrs per day,UTPECOEBAH_YR4_2024/5,11.0
6hrs per day,UTSLCLAMAH_YR2_2024/5,12.0
6hrs per day,UTACCFIMAH_YR1_2024/5,12.0
6hrs per day,UTBSCESCIE1F_YR4_2024/5,12.0
6hrs per day,UTGEOLG_YR4_2024/5,12.0
6hrs per day,UTGEOL_YR4_2024/5,12.0
6hrs per day,UTMESESCIE1F_YR4_2024/5,12.0
6hrs per day,UTITAHA_YR2_2024/5,12.0
6hrs per day,UTARAPO_YR1_2024/5,12.0
6hrs per day,UTPHILY_YR1_2024/5,12.0
6hrs per day,UTSCSPY_YR1_2024/5,12.0
6hrs per day,UTMPHYPHYM1F_YR2_2024/5,12.0
6hrs per day,UTPHYME_YR2_2024/5,12.0
6hrs per day,PTPGCTESOL1U_YR1_2024/5,12.0
6hrs per day,PTPGCTESOL1U_YR2_2024/5,12.0
6hrs per day,UTHOAEL_YR1_2024/5,12.0
6hrs per day,UTHOASL_YR1_2024/5,12.0
6hrs per day,UTSPAHA_YR2_2024/5,12.0
6hrs per day,UTECNAC_YR1_2024/5,12.0
6hrs per day,UTAICSC_YR2_2024/5,12.0
6hrs per day,UTCMPSIBE_YR2_2024/5,12.0
6hrs per day,UTCMPSI_YR2_2024/5,12.0
6hrs per day,UTINFMT_YR2_2024/5,12.0
6hrs per day,UTSWENG_YR2_2024/5,12.0
6hrs per day,UTMAHGERBU1F_YR4_2024/5,13.0
6hrs per day,UTBDGGEND21F_YR2_2024/5,13.0
6hrs per day,UTBDGGEND31F_YR3_2024/5,13.0
6hrs per day,UTRUSEL_YR2_2024/5,13.0
6hrs per day,PTMSCASTPS1F_YR1_2024/5,13.0
6hrs per day,UTSLUHSMAH_YR2_2024/5,13.0
6hrs per day,PTMSCECOEC2P_YR1_2024/5,13.0
6hrs per day,UTMAHPORPH1F_YR1_2024/5,13.0
6hrs per day,UTMAHIRILA1F_YR1_2024/5,13.0
6hrs per day,UTSOPLA_YR3_2024/5,13.0
6hrs per day,UTSOPPS_YR3_2024/5,13.0
6hrs per day,PTDCPCLIPC1F_YR1_2024/5,13.0
6hrs per day,UTBSCANDEV1F_YR3_2024/5,13.0
6hrs per day,UTPHIPS_YR4_2024/5,13.0
6hrs per day,UTMAHSOCQM1F_YR3_2024/5,13.0
6hrs per day,PTMSCFOODS2P_YR2_2024/5,13.0
6hrs per day,PTMSCFOODS3P_YR2_2024/5,13.0
6hrs per day,UTMAHBUSEI1F_YR3_2024/5,14.0
6hrs per day,UTRUSHA_YR2_2024/5,14.0
6hrs per day,UTLAWSY_YR3_2024/5,14.0
6hrs per day,PTMSCLANED1F_YR1_2024/5,14.0
6hrs per day,PTMSCLANED1P_YR1_2024/5,14.0
6hrs per day,PTPGDLANED1F_YR1_2024/5,14.0
6hrs per day,PTPGDLANED1P_YR1_2024/5,14.0
6hrs per day,PTPGDLANED1P_YR2_2024/5,14.0
6hrs per day,UTMATMU_YR1_2024/5,14.0
6hrs per day,UTCOSCS_YR4_2024/5,14.0
6hrs per day,UTPYCHL_YR3_2024/5,14.0
6hrs per day,UTPYCHL_YR4_2024/5,14.0
6hrs per day,UTARASA_YR4_2024/5,14.0
6hrs per day,UTARCSA_YR3_2024/5,14.0
6hrs per day,UTARCSA_YR4_2024/5,14.0
6hrs per day,UTSANDE_YR3_2024/5,14.0
6hrs per day,UTSANDE_YR4_2024/5,14.0
6hrs per day,UTSANPY_YR3_2024/5,14.0
6hrs per day,UTSANPY_YR4_2024/5,14.0
6hrs per day,PTMSCBIOTE1F_YR1_2024/5,14.0
6hrs per day,PTPGDBIOTE1F_YR1_2024/5,14.0
6hrs per day,PTMSCSOASU1P_YR2_2024/5,14.0
6hrs per day,PTMSCSOASU2P_YR2_2024/5,14.0
6hrs per day,UTPGDECHIN1F_YR1_2024/5,15.0
6hrs per day,UTPGDEENGL1F_YR1_2024/5,15.0
6hrs per day,UTPGDEFREN1F_YR1_2024/5,15.0
6hrs per day,UTPGDEGEOG1F_YR1_2024/5,15.0
6hrs per day,UTPGDEGERM1F_YR1_2024/5,15.0
6hrs per day,UTPGDEHIST1F_YR1_2024/5,15.0
6hrs per day,UTPGDEMATH1F_YR1_2024/5,15.0
6hrs per day,UTBSCECOLM1F_YR1_2024/5,15.0
6hrs per day,UTMAHBUSEI1F_YR4_2024/5,15.0
6hrs per day,UTMAHBUSSE1F_YR3_2024/5,15.0
6hrs per day,UTSLUHSMAH_YR1_2024/5,15.0
6hrs per day,PTMSCCSPTR1P_YR1_2024/5,15.0
6hrs per day,PTMSCCSPTR1P_YR2_2024/5,15.0
6hrs per day,PTMSCCSPTR2P_YR1_2024/5,15.0
6hrs per day,PTMSCCSPTR2P_YR2_2024/5,15.0
6hrs per day,PTMSCCSPTR3P_YR1_2024/5,15.0
6hrs per day,PTMSCCSPTR3P_YR2_2024/5,15.0
6hrs per day,UTMATPH_YR1_2024/5,15.0
6hrs per day,PTMSCSTATO1P_YR1_2024/5,15.0
6hrs per day,PTMSCENVDE1P_YR2_2024/5,15.0
6hrs per day,PTMSCENVSS1P_YR1_2024/5,15.0
6hrs per day,PTMSCENVSS2P_YR1_2024/5,15.0
6hrs per day,PTMSCENVSS2P_YR2_2024/5,15.0
6hrs per day,UTFREPY_YR1_2024/5,15.0
6hrs per day,UTSPAPY_YR1_2024/5,15.0
6hrs per day,UTMAHSOPQM1F_YR3_2024/5,15.0
6hrs per day,UTSOPLA_YR4_2024/5,15.0
6hrs per day,UTPHIMA_YR2_2024/5,15.0
6hrs per day,UTMAHPSYBU1F_YR1_2024/5,16.0
6hrs per day,UTMAHSPABU1F_YR4_2024/5,16.0
6hrs per day,PRPHDNATLP1F_YR1_2024/5,16.0
6hrs per day,PRPHDNATLP1F_YR2_2024/5,16.0
6hrs per day,PTMSCSOCGC1P_YR2_2024/5,16.0
6hrs per day,UTGERPY_YR1_2024/5,16.0
6hrs per day,UTMAHPHISL1F_YR3_2024/5,16.0
6hrs per day,UTPHIET_YR3_2024/5,16.0
6hrs per day,UTTHEPHBSCH_YR2_2024/5,16.0
6hrs per day,UTTHEPHMPHYS_YR2_2024/5,16.0
6hrs per day,UTGGPSP_YR4_2024/5,16.0
6hrs per day,PTMSCLANED1P_YR2_2024/5,16.0
6hrs per day,UTIBUSN_YR4_2024/5,17.0
6hrs per day,UTMAHBUSDA1F_YR4_2024/5,17.0
6hrs per day,UTMAHIBUAR1F_YR4_2024/5,17.0
6hrs per day,UTMAHIBUCH1F_YR4_2024/5,17.0
6hrs per day,UTMAHIBUFR1F_YR4_2024/5,17.0
6hrs per day,UTMAHIBUGE1F_YR4_2024/5,17.0
6hrs per day,UTMAHIBUIT1F_YR4_2024/5,17.0
6hrs per day,UTMAHIBUJA1F_YR4_2024/5,17.0
6hrs per day,UTMAHIBURU1F_YR4_2024/5,17.0
6hrs per day,UTMAHIBUSP1F_YR4_2024/5,17.0
6hrs per day,UTBDGGEND21F_YR1_2024/5,17.0
6hrs per day,UTBDGGEND31F_YR1_2024/5,17.0
6hrs per day,UTBDGGEND31F_YR2_2024/5,17.0
6hrs per day,UTDIVDF_YR1_2024/5,17.0
6hrs per day,UTDIVDF_YR2_2024/5,17.0
6hrs per day,UTMDVDIVIN1F_YR1_2024/5,17.0
6hrs per day,PTMSCINTER1P_YR2_2024/5,17.0
6hrs per day,PTMSCFOODS2P_YR1_2024/5,17.0
6hrs per day,UTITAPY_YR1_2024/5,17.0
6hrs per day,UTRUSPY_YR1_2024/5,17.0
6hrs per day,UTMAHSOPQM1F_YR4_2024/5,17.0
6hrs per day,PTMSCTESOL1F_YR1_2024/5,17.0
6hrs per day,PTMSCTESOL1U_YR1_2024/5,17.0
6hrs per day,PTMSCTESOL1U_YR2_2024/5,17.0
6hrs per day,PTMSCTESOL1U_YR3_2024/5,17.0
6hrs per day,PTMSCTESOL1U_YR4_2024/5,17.0
6hrs per day,PTMSCTESOL1U_YR5_2024/5,17.0
6hrs per day,PTMSCTESOL1U_YR6_2024/5,17.0
6hrs per day,PTPGDTESOL1F_YR1_2024/5,17.0
6hrs per day,PTPGDTESOL1U_YR1_2024/5,17.0
6hrs per day,PTPGDTESOL1U_YR2_2024/5,17.0
6hrs per day,PTPGDTESOL1U_YR3_2024/5,17.0
6hrs per day,UTMAHPHISL1F_YR2_2024/5,17.0
6hrs per day,UTFREEL_YR2_2024/5,18.0
6hrs per day,PTMSCOPRDS1P_YR2_2024/5,18.0
6hrs per day,PTMSCENVSS1F_YR1_2024/5,18.0
6hrs per day,PTMSCENVSS1P_YR2_2024/5,18.0
6hrs per day,PTMSCENVSS2P_YR3_2024/5,18.0
6hrs per day,UTMAPYB_YR2_2024/5,18.0
6hrs per day,UTMAPYM_YR2_2024/5,18.0
6hrs per day,UTMATPH_YR2_2024/5,18.0
6hrs per day,UTSCSSY_YR4_2024/5,18.0
6hrs per day,PTMSCEOBGM1F_YR1_2024/5,18.0
6hrs per day,UTCMPPH_YR2_2024/5,18.0
6hrs per day,UTMAHBUSHR1F_YR4_2024/5,19.0
6hrs per day,UTMAHBUSLA1F_YR3_2024/5,19.0
6hrs per day,UTMAHBUSMK1F_YR4_2024/5,19.0
6hrs per day,UTMAHBUSMN1F_YR3_2024/5,19.0
6hrs per day,UTMAHFINBU1F_YR3_2024/5,19.0
6hrs per day,PTMSCECNEC1F_YR1_2024/5,19.0
6hrs per day,PTMSCECNFI2F_YR1_2024/5,19.0
6hrs per day,PTMSCECONO1F_YR1_2024/5,19.0
6hrs per day,PTMSCMAEEC1F_YR1_2024/5,19.0
6hrs per day,PTMSCCOMAM1F_YR1_2024/5,19.0
6hrs per day,PTMSCSOCGC1F_YR1_2024/5,19.0
6hrs per day,PTMSCSOCGC1P_YR1_2024/5,19.0
6hrs per day,UTMAHGOVPS1F_YR3_2024/5,19.0
6hrs per day,UTMAHGOVPS1F_YR4_2024/5,19.0
6hrs per day,UTRUSSY_YR4_2024/5,19.0
6hrs per day,UTFREHA_YR2_2024/5,19.0
6hrs per day,UTENLCL_YR2_2024/5,20.0
6hrs per day,UTMLCSS_YR2_2024/5,20.0
6hrs per day,UTMAHBUSMK1F_YR3_2024/5,20.0
6hrs per day,UTMDVDIVIN1F_YR2_2024/5,20.0
6hrs per day,UTGERSY_YR4_2024/5,20.0
6hrs per day,PTMSCOPRDS1P_YR1_2024/5,20.0
6hrs per day,UTGGPAR_YR3_2024/5,20.0
6hrs per day,UTGGPHYMAH_YR3_2024/5,20.0
6hrs per day,UTPHIPS_YR2_2024/5,20.0
6hrs per day,UTSOPLA_YR1_2024/5,20.0
6hrs per day,PTMSCAABAW1F_YR1_2024/5,20.0
6hrs per day,PTMSCFOODS1F_YR1_2024/5,20.0
6hrs per day,UTPGDEARTD1F_YR1_2024/5,21.0
6hrs per day,UTPGDEDRAM1F_YR1_2024/5,21.0
6hrs per day,UTPGDEMUSI1F_YR1_2024/5,21.0
6hrs per day,UTPGDEPHYE1F_YR1_2024/5,21.0
6hrs per day,UTMLCGE_YR2_2024/5,21.0
6hrs per day,UTMAHBUSSE1F_YR4_2024/5,21.0
6hrs per day,UTMAHGPSQM1F_YR3_2024/5,21.0
6hrs per day,UTMAHGPSQM1F_YR4_2024/5,21.0
6hrs per day,UTBSBCH_YR2_2024/5,21.0
6hrs per day,UTBSBTE_YR2_2024/5,21.0
6hrs per day,UTBSIMM_YR2_2024/5,21.0
6hrs per day,UTBSCBIOSC2F_YR3_2024/5,21.0
6hrs per day,UTBSCNEURO1F_YR3_2024/5,21.0
6hrs per day,UTBSCPHARM1F_YR3_2024/5,21.0
6hrs per day,UTBSCPHYSI1F_YR3_2024/5,21.0
6hrs per day,UTBSCREPBI1F_YR3_2024/5,21.0
6hrs per day,PTMBABUSAD5F_YR1_2024/5,21.0
6hrs per day,PTMBABUSAD7F_YR1_2024/5,21.0
6hrs per day,UTGGPSP_YR3_2024/5,21.0
6hrs per day,UTMLCSP_YR2_2024/5,22.0
6hrs per day,UTMAHFREBU1F_YR4_2024/5,22.0
6hrs per day,UTCLIV2_YR1_2024/5,22.0
6hrs per day,UTMATMU_YR2_2024/5,22.0
6hrs per day,UTPHIMA_YR3_2024/5,22.0
6hrs per day,PTMSCCOMPP1P_YR2_2024/5,22.0
6hrs per day,PTMSCPUBPO1P_YR2_2024/5,22.0
6hrs per day,UTMAHBUSHR1F_YR3_2024/5,23.0
6hrs per day,UTMLCIT_YR2_2024/5,23.0
6hrs per day,UTMAHBUSGE1F_YR4_2024/5,23.0
6hrs per day,UTMAHBUSLA1F_YR4_2024/5,23.0
6hrs per day,UTMAHBUSMN1F_YR4_2024/5,23.0
6hrs per day,UTMAHFINBU1F_YR4_2024/5,23.0
6hrs per day,UTGEOL_YR5_2024/5,23.0
6hrs per day,UTMESESCIE1F_YR5_2024/5,23.0
6hrs per day,UTSCOTS_YR2_2024/5,23.0
6hrs per day,PTMSCSTADS1P_YR1_2024/5,23.0
6hrs per day,PTMSCSTADS1P_YR2_2024/5,23.0
6hrs per day,UTNURSING01F_YR3_2024/5,23.0
6hrs per day,PTMSCCOMPP1F_YR1_2024/5,23.0
6hrs per day,PTMSCCOMPP1P_YR1_2024/5,23.0
6hrs per day,PTMSCPUBPO1F_YR1_2024/5,23.0
6hrs per day,PTMSCPUBPO1P_YR1_2024/5,23.0
6hrs per day,UTINTRE_YR2_2024/5,23.0
6hrs per day,UTMAHINRQM1F_YR2_2024/5,23.0
6hrs per day,UTMAHPOLQM1F_YR2_2024/5,23.0
6hrs per day,UTPOLTC_YR2_2024/5,23.0
6hrs per day,PTMSCPANUP1F_YR1_2024/5,23.0
6hrs per day,UTRUSCL_YR2_2024/5,24.0
6hrs per day,UTPHIET_YR2_2024/5,24.0
6hrs per day,UTARAHI_YR1_2024/5,24.0
6hrs per day,PTMSCORCPO1F_YR1_2024/5,24.0
6hrs per day,PTMSCORRIS1F_YR1_2024/5,24.0
6hrs per day,PTMSCORSCH1F_YR1_2024/5,24.0
6hrs per day,PTMSCSTATO1F_YR1_2024/5,24.0
6hrs per day,UTMAHPOPPE1F_YR1_2024/5,24.0
6hrs per day,UTECNPO_YR1_2024/5,24.0
6hrs per day,UTSOPPO_YR1_2024/5,24.0
6hrs per day,UTSOPSO_YR4_2024/5,24.0
6hrs per day,UTLLBLAWHO1F_YR1_2024/5,25.0
6hrs per day,UTLLBLAWOG1F_YR1_2024/5,25.0
6hrs per day,UTLLBLAWOR1F_YR1_2024/5,25.0
6hrs per day,UTPHIEL_YR2_2024/5,25.0
6hrs per day,UTPHILI_YR2_2024/5,25.0
6hrs per day,UTSCSPY_YR2_2024/5,25.0
6hrs per day,UTCHNHI_YR2_2024/5,26.0
6hrs per day,UTBSCBSCBM1F_YR1_2024/5,26.0
6hrs per day,UTBSCBSDRM1F_YR1_2024/5,26.0
6hrs per day,UTBSCBSMGM1F_YR1_2024/5,26.0
6hrs per day,UTBSHBISEM1F_YR1_2024/5,26.0
6hrs per day,UTBSHBISIM1F_YR1_2024/5,26.0
6hrs per day,UTBSHBISZM1F_YR1_2024/5,26.0
6hrs per day,UTBSHBSPSM1F_YR1_2024/5,26.0
6hrs per day,UTBSMBC_YR1_2024/5,26.0
6hrs per day,UTBSMBT_YR1_2024/5,26.0
6hrs per day,UTBSMEB_YR1_2024/5,26.0
6hrs per day,UTBSMGE_YR1_2024/5,26.0
6hrs per day,UTBSMGT_YR1_2024/5,26.0
6hrs per day,UTBSMMO_YR1_2024/5,26.0
6hrs per day,PTPGDPROLP1F_YR1_2024/5,26.0
6hrs per day,PTMSCSTADS1F_YR1_2024/5,26.0
6hrs per day,UTBMELITER1F_YR1_2024/5,26.0
6hrs per day,UTBMEPSYCH1F_YR1_2024/5,26.0
6hrs per day,UTMBCHBMDP1F_YR1_2024/5,26.0
6hrs per day,UTPHIMA_YR1_2024/5,26.0
6hrs per day,UTGERPY_YR2_2024/5,26.0
6hrs per day,PTMSCSOASU1F_YR1_2024/5,26.0
6hrs per day,PTMSCSOASU2P_YR1_2024/5,26.0
6hrs per day,UTMAHACCBU1F_YR3_2024/5,27.0
6hrs per day,UTENLCL_YR1_2024/5,27.0
6hrs per day,UTSLCLAMAH_YR1_2024/5,27.0
6hrs per day,UTFASHEBAH_YR3_2024/5,27.0
6hrs per day,UTFASHEBAH_YR4_2024/5,27.0
6hrs per day,UTITAPY_YR2_2024/5,27.0
6hrs per day,PRPHDNATLP3F_YR1_2024/5,27.0
6hrs per day,UTLAWFR_YR1_2024/5,27.0
6hrs per day,UTMBCHBMDC1F_YR4_2024/5,27.0
6hrs per day,PTMSCENVDE1F_YR1_2024/5,27.0
6hrs per day,UTMAHHEASS2F_YR2_2024/5,27.0
6hrs per day,UTBSBCB_YR2_2024/5,27.0
6hrs per day,UTBSBMG_YR2_2024/5,27.0
6hrs per day,UTBSCBSDRS1F_YR2_2024/5,27.0
6hrs per day,UTBSCIS_YR2_2024/5,27.0
6hrs per day,UTBSECO_YR2_2024/5,27.0
6hrs per day,UTBSEVB_YR2_2024/5,27.0
6hrs per day,UTBSGEN_YR2_2024/5,27.0
6hrs per day,UTBSMOL_YR2_2024/5,27.0
6hrs per day,UTBSPLS_YR2_2024/5,27.0
6hrs per day,UTBSZOO_YR2_2024/5,27.0
6hrs per day,UTMAHPORPH1F_YR2_2024/5,27.0
6hrs per day,UTSPAPY_YR2_2024/5,27.0
6hrs per day,UTBSBCB_YR1_2024/5,28.0
6hrs per day,UTBSBCH_YR1_2024/5,28.0
6hrs per day,UTBSBMG_YR1_2024/5,28.0
6hrs per day,UTBSBTE_YR1_2024/5,28.0
6hrs per day,UTBSCBSDRS1F_YR1_2024/5,28.0
6hrs per day,UTBSCIS_YR1_2024/5,28.0
6hrs per day,UTBSECO_YR1_2024/5,28.0
6hrs per day,UTBSEVB_YR1_2024/5,28.0
6hrs per day,UTBSGEN_YR1_2024/5,28.0
6hrs per day,UTBSIMM_YR1_2024/5,28.0
6hrs per day,UTBSMOL_YR1_2024/5,28.0
6hrs per day,UTBSPLS_YR1_2024/5,28.0
6hrs per day,UTBSZOO_YR1_2024/5,28.0
6hrs per day,UTMBIBIOSC1F_YR1_2024/5,28.0
6hrs per day,UTPHIEL_YR1_2024/5,28.0
6hrs per day,UTPHILI_YR1_2024/5,28.0
6hrs per day,UTLAWSP_YR1_2024/5,28.0
6hrs per day,PTMSCECOEC1F_YR1_2024/5,28.0
6hrs per day,UTPHIEC_YR3_2024/5,28.0
6hrs per day,UTMAHPHYED1F_YR1_2024/5,29.0
6hrs per day,UTRUSPY_YR2_2024/5,29.0
6hrs per day,UTLAWGE_YR1_2024/5,29.0
6hrs per day,UTLAWSG_YR1_2024/5,29.0
6hrs per day,UTMAHPHISL1F_YR1_2024/5,29.0
6hrs per day,UTPHIET_YR1_2024/5,29.0
6hrs per day,UTFRESY_YR4_2024/5,29.0
6hrs per day,UTMLCFR_YR2_2024/5,30.0
6hrs per day,UTGGPSO_YR4_2024/5,30.0
6hrs per day,UTBSCPSYCH1F_YR4_2024/5,30.0
6hrs per day,UTCLIVMS_YR2_2024/5,31.0
6hrs per day,UTARAPO_YR2_2024/5,31.0
6hrs per day,PTMSCINTER1F_YR1_2024/5,32.0
6hrs per day,UTGGPPO_YR2_2024/5,32.0
6hrs per day,PTMSCOPRDS1F_YR1_2024/5,32.0
6hrs per day,UTBMELITER1F_YR2_2024/5,32.0
6hrs per day,UTBMEPSYCH1F_YR2_2024/5,32.0
6hrs per day,UTMBCHBMDP1F_YR2_2024/5,32.0
6hrs per day,UTBVMCLIVM1F_YR3_2024/5,33.0
6hrs per day,UTCLIVM2_YR2_2024/5,33.0
6hrs per day,UTSCOTS_YR1_2024/5,33.0
6hrs per day,PRPHDAINTB2F_YR1_2024/5,33.0
6hrs per day,PRPHDAINTB2P_YR1_2024/5,33.0
6hrs per day,UTSCYPO_YR2_2024/5,33.0
6hrs per day,UTSOPSO_YR3_2024/5,33.0
6hrs per day,UTGGPPO_YR3_2024/5,33.0
6hrs per day,UTLLBHLAWB1F_YR1_2024/5,34.0
6hrs per day,PTMSCENVPM1P_YR2_2024/5,34.0
6hrs per day,UTSANPO_YR2_2024/5,34.0
6hrs per day,UTGGPSA_YR4_2024/5,34.0
6hrs per day,UTFREPY_YR2_2024/5,34.0
6hrs per day,UTMAHFINBU1F_YR1_2024/5,35.0
6hrs per day,UTBSCMATBU1F_YR3_2024/5,35.0
6hrs per day,UTMAHACCBU1F_YR4_2024/5,35.0
6hrs per day,UTECNMC_YR4_2024/5,35.0
6hrs per day,UTECNMS_YR4_2024/5,35.0
6hrs per day,UTLAWSA_YR1_2024/5,35.0
6hrs per day,UTBMEPHYSI1F_YR3_2024/5,35.0
6hrs per day,UTBSCPHYSI1F_YR4_2024/5,35.0
6hrs per day,UTVETPHYBSC_YR3_2024/5,35.0
6hrs per day,UTSCYSA_YR4_2024/5,35.0
6hrs per day,UTGEOPHG_YR5_2024/5,36.0
6hrs per day,UTMESESPGE1F_YR5_2024/5,36.0
6hrs per day,UTCOSCS_YR2_2024/5,36.0
6hrs per day,PTMSCCOGSC1P_YR2_2024/5,37.0
6hrs per day,PTMSCINFEM1P_YR2_2024/5,37.0
6hrs per day,UTPHIPO_YR1_2024/5,37.0
6hrs per day,UTCOSCS_YR3_2024/5,37.0
6hrs per day,UTBSCINFDI1F_YR3_2024/5,37.0
6hrs per day,UTSCYPS_YR4_2024/5,37.0
6hrs per day,UTLAWCE_YR1_2024/5,38.0
6hrs per day,PTMSCODSTE1F_YR1_2024/5,38.0
6hrs per day,PTMSCODSTE1P_YR1_2024/5,38.0
6hrs per day,PTMSCODSTE1U_YR1_2024/5,38.0
6hrs per day,PTMSCOUTED1F_YR1_2024/5,38.0
6hrs per day,PTMSCOUTED1P_YR1_2024/5,38.0
6hrs per day,PTMSCOUTED1U_YR1_2024/5,38.0
6hrs per day,PTPGDODSTE1F_YR1_2024/5,38.0
6hrs per day,PTPGDODSTE1P_YR1_2024/5,38.0
6hrs per day,PTPGDODSTE1U_YR1_2024/5,38.0
6hrs per day,PTPGDOUTED1F_YR1_2024/5,38.0
6hrs per day,PTPGDOUTED1P_YR1_2024/5,38.0
6hrs per day,PTPGDOUTED1U_YR1_2024/5,38.0
6hrs per day,UTPHIPS_YR3_2024/5,38.0
6hrs per day,UTGGPSA_YR3_2024/5,38.0
6hrs per day,UTLAWSY_YR1_2024/5,39.0
6hrs per day,UTECNPO_YR2_2024/5,39.0
6hrs per day,UTBMEREPBI1F_YR3_2024/5,39.0
6hrs per day,UTBSCREPBI1F_YR4_2024/5,39.0
6hrs per day,UTBSVREPBI1F_YR3_2024/5,39.0
6hrs per day,UTECNSO_YR3_2024/5,39.0
6hrs per day,UTAICSC_YR3_2024/5,39.0
6hrs per day,UTCMPSIBE_YR3_2024/5,39.0
6hrs per day,UTCMPSI_YR3_2024/5,39.0
6hrs per day,UTINFMT_YR3_2024/5,39.0
6hrs per day,UTSWENG_YR3_2024/5,39.0
6hrs per day,UTMAHBUSEI1F_YR1_2024/5,40.0
6hrs per day,UTBSCESPGE1F_YR4_2024/5,40.0
6hrs per day,UTGEOPG_YR4_2024/5,40.0
6hrs per day,UTGEOPHG_YR4_2024/5,40.0
6hrs per day,UTMESESPGE1F_YR4_2024/5,40.0
6hrs per day,PTMSCCOGSC1F_YR1_2024/5,40.0
6hrs per day,PTMSCAINTL2P_YR2_2024/5,40.0
6hrs per day,PTMSCCOGSC1P_YR1_2024/5,40.0
6hrs per day,PTMSCCOMSC1P_YR2_2024/5,40.0
6hrs per day,PTMSCINFEM1P_YR1_2024/5,40.0
6hrs per day,PTMSCINFEM2P_YR2_2024/5,40.0
6hrs per day,PTMSCINFEM5P_YR2_2024/5,40.0
6hrs per day,PTMSCDATSC1P_YR2_2024/5,40.0
6hrs per day,PTMSCDATSC2P_YR2_2024/5,40.0
6hrs per day,UTSCSPO_YR2_2024/5,40.0
6hrs per day,UTBMEPHARM1F_YR3_2024/5,40.0
6hrs per day,UTBSCPHARM1F_YR4_2024/5,40.0
6hrs per day,UTBSCVETSP1F_YR3_2024/5,40.0
6hrs per day,UTLAWAC_YR1_2024/5,41.0
6hrs per day,PTMSCGMNHS1F_YR1_2024/5,41.0
6hrs per day,PTMSCGMNHS1P_YR1_2024/5,41.0
6hrs per day,PTMSCGMNHS1P_YR2_2024/5,41.0
6hrs per day,UTGERPO_YR2_2024/5,41.0
6hrs per day,UTSOPEC_YR3_2024/5,41.0
6hrs per day,UTBSCPSYCH1F_YR3_2024/5,41.0
6hrs per day,UTCMPPH_YR3_2024/5,41.0
6hrs per day,UTITAPO_YR2_2024/5,42.0
6hrs per day,UTSPAPO_YR2_2024/5,42.0
6hrs per day,UTSCSTHMAH_YR2_2024/5,43.0
6hrs per day,UTBVMCLIVM1F_YR4_2024/5,43.0
6hrs per day,UTCLIVM2_YR3_2024/5,43.0
6hrs per day,PTMSCPSYTH1F_YR2_2024/5,43.0
6hrs per day,PTMSCPSYTH1U_YR1_2024/5,43.0
6hrs per day,UTMMATHEMA1F_YR5_2024/5,43.0
6hrs per day,PTMSCENVPM1F_YR1_2024/5,43.0
6hrs per day,PTMSCENVPM1P_YR1_2024/5,43.0
6hrs per day,UTMAHIRILA1F_YR2_2024/5,43.0
6hrs per day,UTBMENEUSC1F_YR3_2024/5,43.0
6hrs per day,UTBSCNEURO1F_YR4_2024/5,43.0
6hrs per day,UTVETNSCBSC_YR3_2024/5,43.0
6hrs per day,UTARAHI_YR2_2024/5,44.0
6hrs per day,UTGERMHMAH_YR2_2024/5,44.0
6hrs per day,UTMAHBUSGE1F_YR3_2024/5,44.0
6hrs per day,UTCLIVMS_YR1_2024/5,44.0
6hrs per day,UTRUSPO_YR2_2024/5,44.0
6hrs per day,UTSPANHMAH_YR2_2024/5,45.0
6hrs per day,UTSOPPO_YR2_2024/5,45.0
6hrs per day,UTCMPMS_YR3_2024/5,45.0
6hrs per day,PTMSCMATPH1F_YR1_2024/5,45.0
6hrs per day,PTMSCTHEPH1F_YR1_2024/5,45.0
6hrs per day,UTITALHMAH_YR2_2024/5,46.0
6hrs per day,UTMAHARABU1F_YR2_2024/5,46.0
6hrs per day,UTMAHPSYEC2F_YR3_2024/5,46.0
6hrs per day,UTAPMAT_YR4_2024/5,46.0
6hrs per day,UTMMAAPPMA1F_YR4_2024/5,46.0
6hrs per day,UTMMAAPPMA1F_YR5_2024/5,46.0
6hrs per day,UTNURSING01F_YR1_2024/5,46.0
6hrs per day,UTSCYSA_YR3_2024/5,46.0
6hrs per day,UTRUSSHMAH_YR2_2024/5,47.0
6hrs per day,UTINFMT_YR5_2024/5,47.0
6hrs per day,UTLLBLAWHO1F_YR2_2024/5,47.0
6hrs per day,UTLLBLAWOG1F_YR2_2024/5,47.0
6hrs per day,UTLLBLAWOR1F_YR2_2024/5,47.0
6hrs per day,UTBMEHEASC1F_YR3_2024/5,48.0
6hrs per day,UTBMEHEASC2F_YR1_2024/5,48.0
6hrs per day,UTLAWGE_YR2_2024/5,48.0
6hrs per day,UTCOGSCBS_YR2_2024/5,48.0
6hrs per day,UTARAEC_YR4_2024/5,49.0
6hrs per day,UTECNMC_YR3_2024/5,49.0
6hrs per day,UTMAHCHIEC1F_YR4_2024/5,49.0
6hrs per day,UTLAWCE_YR2_2024/5,49.0
6hrs per day,UTLAWSP_YR2_2024/5,49.0
6hrs per day,UTFREPO_YR2_2024/5,49.0
6hrs per day,UTMATHB_YR4_2024/5,50.0
6hrs per day,UTMATHM_YR4_2024/5,50.0
6hrs per day,UTMMATHEMA1F_YR4_2024/5,50.0
6hrs per day,UTPHIMA_YR4_2024/5,50.0
6hrs per day,UTBNGELCOS1F_YR3_2024/5,50.0
6hrs per day,UTELECS_YR3_2024/5,50.0
6hrs per day,UTMAHBUSEC1F_YR2_2024/5,51.0
6hrs per day,UTMAHBUSEC1F_YR3_2024/5,51.0
6hrs per day,UTBSCESPGE1F_YR3_2024/5,51.0
6hrs per day,UTGEOPG_YR3_2024/5,51.0
6hrs per day,UTGEOPHG_YR3_2024/5,51.0
6hrs per day,UTMESESPGE1F_YR3_2024/5,51.0
6hrs per day,UTECNMS_YR3_2024/5,51.0
6hrs per day,UTCOGSCBS_YR1_2024/5,51.0
6hrs per day,PTMSCDATSC1F_YR1_2024/5,51.0
6hrs per day,PTMSCDATSC1P_YR1_2024/5,51.0
6hrs per day,PTMSCDATSC2P_YR1_2024/5,51.0
6hrs per day,UTMAHLECOM1F_YR2_2024/5,51.0
6hrs per day,UTAINTL_YR3_2024/5,51.0
6hrs per day,UTCOGSCBS_YR3_2024/5,51.0
6hrs per day,UTSCYPS_YR3_2024/5,51.0
6hrs per day,UTBMEBHADS1F_YR1_2024/5,52.0
6hrs per day,UTBMEBHADS2F_YR1_2024/5,52.0
6hrs per day,UTBSCBHADS1F_YR4_2024/5,52.0
6hrs per day,UTMAHGERBU1F_YR2_2024/5,52.0
6hrs per day,UTMAHSUSDE1F_YR1_2024/5,52.0
6hrs per day,UTMATPH_YR4_2024/5,52.0
6hrs per day,UTSANSP_YR3_2024/5,52.0
6hrs per day,UTASPHM_YR5_2024/5,52.0
6hrs per day,UTCOPHM_YR5_2024/5,52.0
6hrs per day,UTMPHYPHYM1F_YR5_2024/5,52.0
6hrs per day,UTPHYSM_YR5_2024/5,52.0
6hrs per day,UTTHEPHMPHYS_YR5_2024/5,52.0
6hrs per day,UTFRENHMAH_YR2_2024/5,53.0
6hrs per day,UTMAHSPABU1F_YR2_2024/5,53.0
6hrs per day,UTLAWPO_YR1_2024/5,53.0
6hrs per day,UTLLBINT_YR1_2024/5,53.0
6hrs per day,UTMATST_YR4_2024/5,53.0
6hrs per day,UTSANSP_YR4_2024/5,53.0
6hrs per day,UTBMEPSYCH1F_YR3_2024/5,53.0
6hrs per day,PTMSCAINTL1F_YR1_2024/5,54.0
6hrs per day,PTMSCCMPSI1F_YR1_2024/5,54.0
6hrs per day,PTMSCAINTL2P_YR1_2024/5,54.0
6hrs per day,PTMSCCOMSC1P_YR1_2024/5,54.0
6hrs per day,PTMSCINFEM2P_YR1_2024/5,54.0
6hrs per day,PTMSCINFEM5P_YR1_2024/5,54.0
6hrs per day,UTPHIPO_YR2_2024/5,55.0
6hrs per day,UTGGPSO_YR3_2024/5,55.0
6hrs per day,UTBNGELCOS1F_YR4_2024/5,55.0
6hrs per day,UTMPHYPHYY1F_YR5_2024/5,55.0
6hrs per day,UTMAHACCBU1F_YR2_2024/5,56.0
6hrs per day,UTECNFIMAH_YR4_2024/5,56.0
6hrs per day,UTECNES_YR4_2024/5,56.0
6hrs per day,UTLAWSY_YR2_2024/5,56.0
6hrs per day,UTCMPMA_YR3_2024/5,56.0
6hrs per day,UTMAHBUSHR1F_YR1_2024/5,57.0
6hrs per day,UTIBUSN_YR1_2024/5,57.0
6hrs per day,UTMAHBUSDA1F_YR1_2024/5,57.0
6hrs per day,UTMAHBUSEC1F_YR1_2024/5,57.0
6hrs per day,UTMAHBUSMK1F_YR1_2024/5,57.0
6hrs per day,UTMAHBUSMN1F_YR1_2024/5,57.0
6hrs per day,UTMAHBUSSE1F_YR1_2024/5,57.0
6hrs per day,UTMAHIBUCH1F_YR1_2024/5,57.0
6hrs per day,UTMAHIBUJA1F_YR1_2024/5,57.0
6hrs per day,UTBMEBIOSC1F_YR3_2024/5,57.0
6hrs per day,UTBSCBIOSC2F_YR4_2024/5,57.0
6hrs per day,UTBSVBIOSC1F_YR3_2024/5,57.0
6hrs per day,UTMAHFINBU1F_YR2_2024/5,57.0
6hrs per day,UTLAWAC_YR2_2024/5,57.0
6hrs per day,UTLAWFR_YR2_2024/5,57.0
6hrs per day,UTMATMU_YR4_2024/5,57.0
6hrs per day,UTELECS_YR4_2024/5,57.0
6hrs per day,UTECNAC_YR3_2024/5,58.0
6hrs per day,UTLAWSG_YR2_2024/5,58.0
6hrs per day,UTSOPLA_YR2_2024/5,58.0
6hrs per day,UTCOPHB_YR4_2024/5,58.0
6hrs per day,UTCOPHM_YR4_2024/5,58.0
6hrs per day,UTMPHYPHYM1F_YR4_2024/5,58.0
6hrs per day,UTPHYME_YR4_2024/5,58.0
6hrs per day,UTPHYSB_YR4_2024/5,58.0
6hrs per day,UTPHYSM_YR4_2024/5,58.0
6hrs per day,UTTHEPHBSCH_YR4_2024/5,58.0
6hrs per day,UTTHEPHMPHYS_YR4_2024/5,58.0
6hrs per day,UTLAWSA_YR2_2024/5,59.0
6hrs per day,UTASPHB_YR4_2024/5,59.0
6hrs per day,UTASPHM_YR4_2024/5,59.0
6hrs per day,UTMAHIBUFR1F_YR1_2024/5,60.0
6hrs per day,UTMAHIBUSP1F_YR1_2024/5,60.0
6hrs per day,UTMAPYB_YR4_2024/5,60.0
6hrs per day,UTMAPYM_YR4_2024/5,60.0
6hrs per day,UTMAPYM_YR5_2024/5,60.0
6hrs per day,UTMAHIBUGE1F_YR1_2024/5,61.0
6hrs per day,UTMAHFREBU1F_YR2_2024/5,61.0
6hrs per day,UTMAHHISEC1F_YR3_2024/5,61.0
6hrs per day,UTMAHIBUIT1F_YR1_2024/5,62.0
6hrs per day,UTMAHHEASS2F_YR1_2024/5,62.0
6hrs per day,UTMAHBUSMN1F_YR2_2024/5,63.0
6hrs per day,UTMAHBUSSE1F_YR2_2024/5,63.0
6hrs per day,UTMAHPSYBU1F_YR3_2024/5,63.0
6hrs per day,UTMAHSDPIR1F_YR3_2024/5,63.0
6hrs per day,UTCOSCS_YR1_2024/5,65.0
6hrs per day,UTMAHPSYBU1F_YR4_2024/5,66.0
6hrs per day,UTBMEANDEV1F_YR3_2024/5,67.0
6hrs per day,UTBSCANDEV1F_YR4_2024/5,67.0
6hrs per day,UTIBUSN_YR2_2024/5,67.0
6hrs per day,UTMAHBUSDA1F_YR2_2024/5,67.0
6hrs per day,UTMAHBUSHR1F_YR2_2024/5,67.0
6hrs per day,UTMAHBUSLA1F_YR2_2024/5,67.0
6hrs per day,UTMAHBUSMK1F_YR2_2024/5,67.0
6hrs per day,UTMAHPSYBU1F_YR2_2024/5,67.0
6hrs per day,UTHISPO_YR4_2024/5,67.0
6hrs per day,UTINTRE_YR3_2024/5,67.0
6hrs per day,UTINTRE_YR4_2024/5,67.0
6hrs per day,UTLAWPO_YR4_2024/5,67.0
6hrs per day,UTLLBINT_YR4_2024/5,67.0
6hrs per day,UTMAHINRQM1F_YR3_2024/5,67.0
6hrs per day,UTMAHINRQM1F_YR4_2024/5,67.0
6hrs per day,UTMAHIRILA1F_YR3_2024/5,67.0
6hrs per day,UTMAHIRILA1F_YR4_2024/5,67.0
6hrs per day,UTMAHPOLQM1F_YR3_2024/5,67.0
6hrs per day,UTMAHPOLQM1F_YR4_2024/5,67.0
6hrs per day,UTMAHSDPIR1F_YR4_2024/5,67.0
6hrs per day,UTPHIPO_YR4_2024/5,67.0
6hrs per day,UTPOLTC_YR3_2024/5,67.0
6hrs per day,UTPOLTC_YR4_2024/5,67.0
6hrs per day,UTRUSPO_YR4_2024/5,67.0
6hrs per day,UTARAPO_YR4_2024/5,67.0
6hrs per day,UTMAHBUSEI1F_YR2_2024/5,68.0
6hrs per day,UTLAWHI_YR1_2024/5,68.0
6hrs per day,UTLAWPO_YR3_2024/5,68.0
6hrs per day,UTLLBINT_YR3_2024/5,68.0
6hrs per day,UTSWENG_YR4_2024/5,69.0
6hrs per day,UTITAPO_YR4_2024/5,70.0
6hrs per day,UTSCSPO_YR4_2024/5,70.0
6hrs per day,UTECNMA_YR3_2024/5,71.0
6hrs per day,UTECNST_YR3_2024/5,71.0
6hrs per day,UTCMPMA_YR4_2024/5,71.0
6hrs per day,UTINFMT_YR4_2024/5,71.0
6hrs per day,UTBSCMATBU1F_YR2_2024/5,72.0
6hrs per day,UTGERPO_YR4_2024/5,72.0
6hrs per day,UTCMPMS_YR4_2024/5,74.0
6hrs per day,PRPHDSPADS1F_YR1_2024/5,74.0
6hrs per day,UTECNFIMAH_YR3_2024/5,75.0
6hrs per day,UTMAHSUSDE1F_YR4_2024/5,75.0
6hrs per day,UTSPAPO_YR4_2024/5,75.0
6hrs per day,UTMAHBUSGE1F_YR2_2024/5,76.0
6hrs per day,UTBSBCB_YR3_2024/5,78.0
6hrs per day,UTBSBCH_YR3_2024/5,78.0
6hrs per day,UTBSBMG_YR3_2024/5,78.0
6hrs per day,UTBSBTE_YR3_2024/5,78.0
6hrs per day,UTBSCBSCBM1F_YR3_2024/5,78.0
6hrs per day,UTBSCBSDRM1F_YR3_2024/5,78.0
6hrs per day,UTBSCBSDRS1F_YR3_2024/5,78.0
6hrs per day,UTBSCBSMGM1F_YR3_2024/5,78.0
6hrs per day,UTBSECO_YR3_2024/5,78.0
6hrs per day,UTBSEVB_YR3_2024/5,78.0
6hrs per day,UTBSGEN_YR3_2024/5,78.0
6hrs per day,UTBSHBISEM1F_YR3_2024/5,78.0
6hrs per day,UTBSHBISIM1F_YR3_2024/5,78.0
6hrs per day,UTBSHBISZM1F_YR3_2024/5,78.0
6hrs per day,UTBSHBSPSM1F_YR3_2024/5,78.0
6hrs per day,UTBSIMM_YR3_2024/5,78.0
6hrs per day,UTBSMBC_YR3_2024/5,78.0
6hrs per day,UTBSMBT_YR3_2024/5,78.0
6hrs per day,UTBSMEB_YR3_2024/5,78.0
6hrs per day,UTBSMGE_YR3_2024/5,78.0
6hrs per day,UTBSMGT_YR3_2024/5,78.0
6hrs per day,UTBSMMO_YR3_2024/5,78.0
6hrs per day,UTBSMOL_YR3_2024/5,78.0
6hrs per day,UTBSPLS_YR3_2024/5,78.0
6hrs per day,UTBSZOO_YR3_2024/5,78.0
6hrs per day,UTMAHHISEC1F_YR4_2024/5,78.0
6hrs per day,UTPHIEC_YR4_2024/5,78.0
6hrs per day,UTAICSC_YR4_2024/5,78.0
6hrs per day,UTAINTL_YR4_2024/5,78.0
6hrs per day,UTCMPSIBE_YR4_2024/5,78.0
6hrs per day,UTCMPSI_YR4_2024/5,78.0
6hrs per day,UTCMPPH_YR4_2024/5,79.0
6hrs per day,UTHISPO_YR3_2024/5,79.0
6hrs per day,UTCMPMS_YR2_2024/5,80.0
6hrs per day,UTCOGSCBS_YR4_2024/5,80.0
6hrs per day,UTFREPO_YR4_2024/5,81.0
6hrs per day,UTSCYPO_YR4_2024/5,82.0
6hrs per day,UTMAHHISEC1F_YR2_2024/5,84.0
6hrs per day,UTRELSTUDI1F_YR2_2024/5,85.0
6hrs per day,UTHISSHMAH_YR1_2024/5,86.0
6hrs per day,UTMAHHISEC1F_YR1_2024/5,86.0
6hrs per day,UTSCSTHMAH_YR1_2024/5,86.0
6hrs per day,UTMAHSUSDE1F_YR2_2024/5,88.0
6hrs per day,UTFRENHMAH_YR1_2024/5,89.0
6hrs per day,UTSPANHMAH_YR1_2024/5,89.0
6hrs per day,UTGERMHMAH_YR1_2024/5,90.0
6hrs per day,UTBSCMATBU1F_YR4_2024/5,91.0
6hrs per day,UTITALHMAH_YR1_2024/5,91.0
6hrs per day,UTRUSSHMAH_YR1_2024/5,91.0
6hrs per day,UTPHIPO_YR3_2024/5,91.0
6hrs per day,UTMAHSUSDE1F_YR3_2024/5,93.0
6hrs per day,UTMAHBUSLA1F_YR1_2024/5,94.0
6hrs per day,UTGGPEC_YR3_2024/5,94.0
6hrs per day,UTSCYPO_YR3_2024/5,94.0
6hrs per day,UTECNES_YR3_2024/5,96.0
6hrs per day,UTMESCI_YR4_2024/5,96.0
6hrs per day,UTSOPPO_YR3_2024/5,96.0
6hrs per day,UTHISAR_YR1_2024/5,97.0
6hrs per day,UTBSHBISIM1F_YR2_2024/5,98.0
6hrs per day,UTBSMBC_YR2_2024/5,98.0
6hrs per day,UTBSMBT_YR2_2024/5,98.0
6hrs per day,UTGGPEC_YR4_2024/5,98.0
6hrs per day,UTSOPPO_YR4_2024/5,98.0
6hrs per day,UTECNAC_YR4_2024/5,99.0
6hrs per day,UTCHNHI_YR1_2024/5,99.0
6hrs per day,UTECNSO_YR4_2024/5,102.0
6hrs per day,UTENLHI_YR1_2024/5,103.0
6hrs per day,UTSLHISMAH_YR1_2024/5,103.0
6hrs per day,UTSANPO_YR3_2024/5,103.0
6hrs per day,UTSANPO_YR4_2024/5,103.0
6hrs per day,UTBSCBSCBM1F_YR2_2024/5,104.0
6hrs per day,UTBSCBSDRM1F_YR2_2024/5,104.0
6hrs per day,UTBSCBSMGM1F_YR2_2024/5,104.0
6hrs per day,UTBSHBISEM1F_YR2_2024/5,104.0
6hrs per day,UTBSHBISZM1F_YR2_2024/5,104.0
6hrs per day,UTBSHBSPSM1F_YR2_2024/5,104.0
6hrs per day,UTBSMEB_YR2_2024/5,104.0
6hrs per day,UTBSMGE_YR2_2024/5,104.0
6hrs per day,UTBSMGT_YR2_2024/5,104.0
6hrs per day,UTBSMMO_YR2_2024/5,104.0
6hrs per day,UTANMEH_YR1_2024/5,104.0
6hrs per day,UTHISHA_YR1_2024/5,105.0
6hrs per day,UTHISSHMAH_YR2_2024/5,108.0
6hrs per day,UTHISPO_YR1_2024/5,111.0
6hrs per day,UTLAWPO_YR2_2024/5,111.0
6hrs per day,UTLLBINT_YR2_2024/5,111.0
6hrs per day,UTHISCL_YR1_2024/5,112.0
6hrs per day,UTHISCL_YR2_2024/5,114.0
6hrs per day,UTSLHISMAH_YR2_2024/5,117.0
6hrs per day,UTHISAR_YR2_2024/5,118.0
6hrs per day,UTSOPEC_YR4_2024/5,118.0
6hrs per day,UTMAHPSYEC2F_YR4_2024/5,121.0
6hrs per day,UTMAHPOPPE1F_YR3_2024/5,121.0
6hrs per day,UTARCHA_YR2_2024/5,125.0
6hrs per day,UTENLHI_YR2_2024/5,125.0
6hrs per day,UTMAHBUSEC1F_YR4_2024/5,131.0
6hrs per day,UTLLBHLAWB1F_YR2_2024/5,132.0
6hrs per day,UTHISHA_YR2_2024/5,133.0
6hrs per day,UTHISTY_YR1_2024/5,134.0
6hrs per day,UTECNST_YR4_2024/5,135.0
6hrs per day,UTARCHA_YR1_2024/5,138.0
6hrs per day,UTHISTY_YR2_2024/5,145.0
6hrs per day,UTECNPO_YR3_2024/5,146.0
6hrs per day,UTECNMA_YR4_2024/5,158.0
6hrs per day,UTHISPO_YR2_2024/5,159.0
6hrs per day,UTRELSTUDI1F_YR1_2024/5,166.0
6hrs per day,UTECNPO_YR4_2024/5,175.0
6hrs per day,UTMAHPOPPE1F_YR4_2024/5,175.0
6hrs per day,UTLAWHI_YR2_2024/5,185.0
After 17h,UTMAHPHYED1F_YR1_2024/5,2.0
After 17h,PTDCPCLIPC1F_YR2_2024/5,3.0
Friday Afternoon,UTMAHPHYED1F_YR1_2024/5,1.0
Friday Afternoon,PTMSCAPYHC1F_YR1_2024/5,3.0
Friday Afternoon,PTMSCPSYTH1F_YR2_2024/5,3.0
Friday Afternoon,PTMSCPSYTH1U_YR1_2024/5,3.0
Friday Afternoon,PTDCPCLIPC1F_YR1_2024/5,3.0
